Handle,Title,Body (HTML),Vendor,Type,Tags,Published,Option1 Name,Option1 Value,Option2 Name,Option2 Value,Option3 Name,Option3 Value,Variant SKU,Variant Grams,Variant Inventory Tracker,Variant Inventory Qty,Variant Inventory Policy,Variant Fulfillment Service,Variant Price,Variant Compare At Price,Variant Requires Shipping,Variant Taxable,Variant Barcode,Image Src,Image Position,Image Alt Text,Gift Card,SEO Title,SEO Description,Google Shopping / Google Product Category,Google Shopping / Gender,Google Shopping / Age Group,Google Shopping / MPN,Google Shopping / AdWords Grouping,Google Shopping / AdWords Labels,Google Shopping / Condition,Google Shopping / Custom Product,Google Shopping / Custom Label 0,Google Shopping / Custom Label 1,Google Shopping / Custom Label 2,Google Shopping / Custom Label 3,Google Shopping / Custom Label 4,Variant Image,Variant Weight Unit,Variant Tax Code,Cost per item,Status
all-american-fleece-crewneck,ALL-AMERICAN FLEECE CREWNECK,"<p>The “must have” All American fleece crew is 100 percent Georgia cotton and made in Swainsboro, GA.  This shirt is both rugged and soft.  Fabric is 9.2 oz combed ring spun cotton knit with a premium 3-end construction to block cold winds, but yet it still breathes because IT IS COTTON.  The Seams are top and bottom cover stitched for both style and extra strength.  This may be the only sweatshirt that you ever want to wear after trying it.</p>",Seeds 2 Seams,,,TRUE,Size,XS,Color,American Navy,Material,100% Cotton,,680,,1,deny,manual,54.00,,,,,https://cdn.shopify.com/s/files/1/0735/3634/0256/files/Mokcups-2.jpg?v=1699406465,,,,,,,,,,,,,,,,,,,https://cdn.shopify.com/s/files/1/0735/3634/0256/files/Mokcups-2.jpg?v=1699406465,g,,,active
all-american-fleece-crewneck,,,,,,,Size,S,Color,American Navy,Material,100% Cotton,,680,,1,deny,manual,54.00,,,,,https://cdn.shopify.com/s/files/1/0735/3634/0256/files/Mokcups-3.jpg?v=1699406465,,,,,,,,,,,,,,,,,,,https://cdn.shopify.com/s/files/1/0735/3634/0256/files/Mokcups-2.jpg?v=1699406465,g,,,active
all-american-fleece-crewneck,,,,,,,Size,M,Color,American Navy,Material,100% Cotton,,680,,1,deny,manual,54.00,,,,,,,,,,,,,,,,,,,,,,,,https://cdn.shopify.com/s/files/1/0735/3634/0256/files/Mokcups-2.jpg?v=1699406465,g,,,active
all-american-fleece-crewneck,,,,,,,Size,L,Color,American Navy,Material,100% Cotton,,680,,1,deny,manual,54.00,,,,,,,,,,,,,,,,,,,,,,,,https://cdn.shopify.com/s/files/1/0735/3634/0256/files/Mokcups-2.jpg?v=1699406465,g,,,active
all-american-fleece-crewneck,,,,,,,Size,XL,Color,American Navy,Material,100% Cotton,,680,,1,deny,manual,54.00,,,,,,,,,,,,,,,,,,,,,,,,https://cdn.shopify.com/s/files/1/0735/3634/0256/files/Mokcups-2.jpg?v=1699406465,g,,,active
all-american-fleece-crewneck,,,,,,,Size,2XL,Color,American Navy,Material,100% Cotton,,680,,1,deny,manual,58.00,,,,,,,,,,,,,,,,,,,,,,,,https://cdn.shopify.com/s/files/1/0735/3634/0256/files/Mokcups-2.jpg?v=1699406465,g,,,active
all-american-fleece-crewneck,,,,,,,Size,3XL,Color,American Navy,Material,100% Cotton,,680,,1,deny,manual,58.00,,,,,,,,,,,,,,,,,,,,,,,,https://cdn.shopify.com/s/files/1/0735/3634/0256/files/Mokcups-2.jpg?v=1699406465,g,,,active
anatomy-of-the-duck-call,ANATOMY OF THE DUCK CALL,"<p data-mce-fragment=""1"">Discover the anatomy of a duck call and take your hunt to the next level this season with our new, olive green tee! </p>",Seeds 2 Seams,,,TRUE,Size,XS,Color,Olive Tree,,,,318,,1,deny,manual,28.00,,,,,https://cdn.shopify.com/s/files/1/0735/3634/0256/files/withoutpocket.png?v=1696959456,,,,,,,,,,,,,,,,,,,https://cdn.shopify.com/s/files/1/0735/3634/0256/files/withoutpocket.png?v=1696959456,g,,,active
anatomy-of-the-duck-call,,,,,,,Size,S,Color,Olive Tree,,,,318,,1,deny,manual,28.00,,,,,,,,,,,,,,,,,,,,,,,,https://cdn.shopify.com/s/files/1/0735/3634/0256/files/withoutpocket.png?v=1696959456,g,,,active
anatomy-of-the-duck-call,,,,,,,Size,M,Color,Olive Tree,,,,318,,1,deny,manual,28.00,,,,,,,,,,,,,,,,,,,,,,,,https://cdn.shopify.com/s/files/1/0735/3634/0256/files/withoutpocket.png?v=1696959456,g,,,active
anatomy-of-the-duck-call,,,,,,,Size,L,Color,Olive Tree,,,,318,,1,deny,manual,28.00,,,,,,,,,,,,,,,,,,,,,,,,https://cdn.shopify.com/s/files/1/0735/3634/0256/files/withoutpocket.png?v=1696959456,g,,,active
anatomy-of-the-duck-call,,,,,,,Size,XL,Color,Olive Tree,,,,318,,1,deny,manual,28.00,,,,,,,,,,,,,,,,,,,,,,,,https://cdn.shopify.com/s/files/1/0735/3634/0256/files/withoutpocket.png?v=1696959456,g,,,active
anatomy-of-the-duck-call,,,,,,,Size,2XL,Color,Olive Tree,,,,318,,1,deny,manual,30.00,,,,,,,,,,,,,,,,,,,,,,,,https://cdn.shopify.com/s/files/1/0735/3634/0256/files/withoutpocket.png?v=1696959456,g,,,active
anatomy-of-the-duck-call,,,,,,,Size,3XL,Color,Olive Tree,,,,318,,0,deny,manual,30.00,,,,,,,,,,,,,,,,,,,,,,,,https://cdn.shopify.com/s/files/1/0735/3634/0256/files/withoutpocket.png?v=1696959456,g,,,active
anatomy-of-the-duck-call-1,ANATOMY OF THE DUCK CALL,"<meta charset=""UTF-8""><span data-mce-fragment=""1"">Discover the anatomy of a duck call and take your hunt to the next level this season with our new, olive green tee! </span>",Seeds 2 Seams,Graphic T-Shirts,Long sleeve,TRUE,Size,XS,Color,Olive Tree,,,SS2121OTXS,363,,1,deny,manual,34.00,,,,,https://cdn.shopify.com/s/files/1/0735/3634/0256/files/17_f9dd5891-6be8-432c-93c7-3a2d90b72480.png?v=1697218625,,,,,,,,,,,,,,,,,,,https://cdn.shopify.com/s/files/1/0735/3634/0256/files/17_f9dd5891-6be8-432c-93c7-3a2d90b72480.png?v=1697218625,g,,,active
anatomy-of-the-duck-call-1,,,,,,,Size,S,Color,Olive Tree,,,SS2121OTS,363,,1,deny,manual,34.00,,,,,,,,,,,,,,,,,,,,,,,,https://cdn.shopify.com/s/files/1/0735/3634/0256/files/17_f9dd5891-6be8-432c-93c7-3a2d90b72480.png?v=1697218625,g,,,active
anatomy-of-the-duck-call-1,,,,,,,Size,M,Color,Olive Tree,,,SS2121OTM,363,,1,deny,manual,34.00,,,,,,,,,,,,,,,,,,,,,,,,https://cdn.shopify.com/s/files/1/0735/3634/0256/files/17_f9dd5891-6be8-432c-93c7-3a2d90b72480.png?v=1697218625,g,,,active
anatomy-of-the-duck-call-1,,,,,,,Size,L,Color,Olive Tree,,,SS2121OTL,363,,1,deny,manual,34.00,,,,,,,,,,,,,,,,,,,,,,,,https://cdn.shopify.com/s/files/1/0735/3634/0256/files/17_f9dd5891-6be8-432c-93c7-3a2d90b72480.png?v=1697218625,g,,,active
anatomy-of-the-duck-call-1,,,,,,,Size,XL,Color,Olive Tree,,,SS2121OTXL,363,,1,deny,manual,34.00,,,,,,,,,,,,,,,,,,,,,,,,https://cdn.shopify.com/s/files/1/0735/3634/0256/files/17_f9dd5891-6be8-432c-93c7-3a2d90b72480.png?v=1697218625,g,,,active
anatomy-of-the-duck-call-1,,,,,,,Size,2XL,Color,Olive Tree,,,SS2121OT2XL,363,,1,deny,manual,38.00,,,,,,,,,,,,,,,,,,,,,,,,https://cdn.shopify.com/s/files/1/0735/3634/0256/files/17_f9dd5891-6be8-432c-93c7-3a2d90b72480.png?v=1697218625,g,,,active
anatomy-of-the-duck-call-1,,,,,,,Size,3XL,Color,Olive Tree,,,SS2121OT3XL,363,,0,deny,manual,38.00,,,,,,,,,,,,,,,,,,,,,,,,https://cdn.shopify.com/s/files/1/0735/3634/0256/files/17_f9dd5891-6be8-432c-93c7-3a2d90b72480.png?v=1697218625,g,,,active
local-callers,LOCAL CALLERS S/S,"<p data-mce-fragment=""1"">Be stylish and comfortable with LOCAL CALLERS, featuring a Wood Duck design and New Olive Green Tee. Perfect for any fall event! </p>",Seeds 2 Seams,Graphic T-Shirts,,TRUE,Size,XS,Color,Olive Tree,,,,0,,1,deny,manual,28.00,,,,,https://cdn.shopify.com/s/files/1/0735/3634/0256/files/withoutpocket_2.png?v=1696959473,,,,,,,,,,,,,,,,,,,https://cdn.shopify.com/s/files/1/0735/3634/0256/files/withoutpocket_2.png?v=1696959473,g,,,active
local-callers,,,,,,,Size,S,Color,Olive Tree,,,,0,,1,deny,manual,28.00,,,,,,,,,,,,,,,,,,,,,,,,https://cdn.shopify.com/s/files/1/0735/3634/0256/files/withoutpocket_2.png?v=1696959473,g,,,active
local-callers,,,,,,,Size,M,Color,Olive Tree,,,,0,,1,deny,manual,28.00,,,,,,,,,,,,,,,,,,,,,,,,https://cdn.shopify.com/s/files/1/0735/3634/0256/files/withoutpocket_2.png?v=1696959473,g,,,active
local-callers,,,,,,,Size,L,Color,Olive Tree,,,,0,,1,deny,manual,28.00,,,,,,,,,,,,,,,,,,,,,,,,https://cdn.shopify.com/s/files/1/0735/3634/0256/files/withoutpocket_2.png?v=1696959473,g,,,active
local-callers,,,,,,,Size,XL,Color,Olive Tree,,,,0,,1,deny,manual,28.00,,,,,,,,,,,,,,,,,,,,,,,,https://cdn.shopify.com/s/files/1/0735/3634/0256/files/withoutpocket_2.png?v=1696959473,g,,,active
local-callers,,,,,,,Size,2XL,Color,Olive Tree,,,,0,,1,deny,manual,30.00,,,,,,,,,,,,,,,,,,,,,,,,https://cdn.shopify.com/s/files/1/0735/3634/0256/files/withoutpocket_2.png?v=1696959473,g,,,active
local-callers,,,,,,,Size,3XL,Color,Olive Tree,,,,0,,0,deny,manual,30.00,,,,,,,,,,,,,,,,,,,,,,,,https://cdn.shopify.com/s/files/1/0735/3634/0256/files/withoutpocket_2.png?v=1696959473,g,,,active
local-callers-l-s,LOCAL CALLERS L/S,"<meta charset=""UTF-8""><span data-mce-fragment=""1"">Be stylish and comfortable with LOCAL CALLERS, featuring a Wood Duck design and New Olive Green Tee. Perfect for any fall event! </span>",Seeds 2 Seams,Graphic T-Shirts,Long sleeve,TRUE,Size,XS,Color,Olive Tree,,,,0,,1,deny,manual,34.00,,,,,https://cdn.shopify.com/s/files/1/0735/3634/0256/files/16_95358d17-96d8-45a5-a1f9-b84c64aedca3.png?v=1697218463,,,,,,,,,,,,,,,,,,,https://cdn.shopify.com/s/files/1/0735/3634/0256/files/16_95358d17-96d8-45a5-a1f9-b84c64aedca3.png?v=1697218463,g,,,active
local-callers-l-s,,,,,,,Size,S,Color,Olive Tree,,,,0,,1,deny,manual,34.00,,,,,,,,,,,,,,,,,,,,,,,,https://cdn.shopify.com/s/files/1/0735/3634/0256/files/16_95358d17-96d8-45a5-a1f9-b84c64aedca3.png?v=1697218463,g,,,active
local-callers-l-s,,,,,,,Size,M,Color,Olive Tree,,,,0,,1,deny,manual,34.00,,,,,,,,,,,,,,,,,,,,,,,,https://cdn.shopify.com/s/files/1/0735/3634/0256/files/16_95358d17-96d8-45a5-a1f9-b84c64aedca3.png?v=1697218463,g,,,active
local-callers-l-s,,,,,,,Size,L,Color,Olive Tree,,,,0,,1,deny,manual,34.00,,,,,,,,,,,,,,,,,,,,,,,,https://cdn.shopify.com/s/files/1/0735/3634/0256/files/16_95358d17-96d8-45a5-a1f9-b84c64aedca3.png?v=1697218463,g,,,active
local-callers-l-s,,,,,,,Size,XL,Color,Olive Tree,,,,0,,1,deny,manual,34.00,,,,,,,,,,,,,,,,,,,,,,,,https://cdn.shopify.com/s/files/1/0735/3634/0256/files/16_95358d17-96d8-45a5-a1f9-b84c64aedca3.png?v=1697218463,g,,,active
local-callers-l-s,,,,,,,Size,2XL,Color,Olive Tree,,,,0,,1,deny,manual,38.00,,,,,,,,,,,,,,,,,,,,,,,,https://cdn.shopify.com/s/files/1/0735/3634/0256/files/16_95358d17-96d8-45a5-a1f9-b84c64aedca3.png?v=1697218463,g,,,active
local-callers-l-s,,,,,,,Size,3XL,Color,Olive Tree,,,,0,,0,deny,manual,38.00,,,,,,,,,,,,,,,,,,,,,,,,https://cdn.shopify.com/s/files/1/0735/3634/0256/files/16_95358d17-96d8-45a5-a1f9-b84c64aedca3.png?v=1697218463,g,,,active
the-hunt,THE HUNT,"<p data-mce-fragment=""1"">Fall is here and ""THE HUNT"" tee is the perfect way to show it! This navy tee features a vivid sketch of a dog hunting a duck, bringing to life the traditional autumn activity. Get ready to start the hunt in this stylish and inspiring tee.</p>",Seeds 2 Seams,,,TRUE,Size,XS,Color,AMERICAN NAVY,,,,0,,1,deny,manual,28.00,,,,,https://cdn.shopify.com/s/files/1/0735/3634/0256/files/withoutpocket_3.png?v=1696959569,,,,,,,,,,,,,,,,,,,https://cdn.shopify.com/s/files/1/0735/3634/0256/files/withoutpocket_3.png?v=1696959569,g,,,active
the-hunt,,,,,,,Size,S,Color,AMERICAN NAVY,,,,0,,1,deny,manual,28.00,,,,,,,,,,,,,,,,,,,,,,,,https://cdn.shopify.com/s/files/1/0735/3634/0256/files/withoutpocket_3.png?v=1696959569,g,,,active
the-hunt,,,,,,,Size,M,Color,AMERICAN NAVY,,,,0,,1,deny,manual,28.00,,,,,,,,,,,,,,,,,,,,,,,,https://cdn.shopify.com/s/files/1/0735/3634/0256/files/withoutpocket_3.png?v=1696959569,g,,,active
the-hunt,,,,,,,Size,L,Color,AMERICAN NAVY,,,,0,,1,deny,manual,28.00,,,,,,,,,,,,,,,,,,,,,,,,https://cdn.shopify.com/s/files/1/0735/3634/0256/files/withoutpocket_3.png?v=1696959569,g,,,active
the-hunt,,,,,,,Size,XL,Color,AMERICAN NAVY,,,,0,,1,deny,manual,28.00,,,,,,,,,,,,,,,,,,,,,,,,https://cdn.shopify.com/s/files/1/0735/3634/0256/files/withoutpocket_3.png?v=1696959569,g,,,active
the-hunt,,,,,,,Size,2XL,Color,AMERICAN NAVY,,,,0,,1,deny,manual,30.00,,,,,,,,,,,,,,,,,,,,,,,,https://cdn.shopify.com/s/files/1/0735/3634/0256/files/withoutpocket_3.png?v=1696959569,g,,,active
the-hunt,,,,,,,Size,3XL,Color,AMERICAN NAVY,,,,0,,0,deny,manual,30.00,,,,,,,,,,,,,,,,,,,,,,,,https://cdn.shopify.com/s/files/1/0735/3634/0256/files/withoutpocket_3.png?v=1696959569,g,,,active
the-hunt-l-s,THE HUNT L/S,"<span data-mce-fragment=""1"">Fall is here and ""THE HUNT"" tee is the perfect way to show it! This navy tee features a vivid sketch of a dog hunting a duck, bringing to life the traditional autumn activity. Get ready to start the hunt in this stylish and inspiring tee.</span>",Seeds 2 Seams,Graphic T-Shirts,Long sleeve,TRUE,Size,XS,Color,American Navy,,,,0,,1,deny,manual,34.00,,,,,https://cdn.shopify.com/s/files/1/0735/3634/0256/files/18.png?v=1697218738,,,,,,,,,,,,,,,,,,,https://cdn.shopify.com/s/files/1/0735/3634/0256/files/18.png?v=1697218738,g,,,active
the-hunt-l-s,,,,,,,Size,S,Color,American Navy,,,,0,,1,deny,manual,34.00,,,,,,,,,,,,,,,,,,,,,,,,https://cdn.shopify.com/s/files/1/0735/3634/0256/files/18.png?v=1697218738,g,,,active
the-hunt-l-s,,,,,,,Size,M,Color,American Navy,,,,0,,1,deny,manual,34.00,,,,,,,,,,,,,,,,,,,,,,,,https://cdn.shopify.com/s/files/1/0735/3634/0256/files/18.png?v=1697218738,g,,,active
the-hunt-l-s,,,,,,,Size,L,Color,American Navy,,,,0,,1,deny,manual,34.00,,,,,,,,,,,,,,,,,,,,,,,,https://cdn.shopify.com/s/files/1/0735/3634/0256/files/18.png?v=1697218738,g,,,active
the-hunt-l-s,,,,,,,Size,XL,Color,American Navy,,,,0,,1,deny,manual,34.00,,,,,,,,,,,,,,,,,,,,,,,,https://cdn.shopify.com/s/files/1/0735/3634/0256/files/18.png?v=1697218738,g,,,active
the-hunt-l-s,,,,,,,Size,2XL,Color,American Navy,,,,0,,1,deny,manual,38.00,,,,,,,,,,,,,,,,,,,,,,,,https://cdn.shopify.com/s/files/1/0735/3634/0256/files/18.png?v=1697218738,g,,,active
the-hunt-l-s,,,,,,,Size,3XL,Color,American Navy,,,,0,,0,deny,manual,38.00,,,,,,,,,,,,,,,,,,,,,,,,https://cdn.shopify.com/s/files/1/0735/3634/0256/files/18.png?v=1697218738,g,,,active
roasted-local-s-s,ROASTED LOCAL S/S,"<p data-mce-fragment=""1"">Kick off your fall activities with this cozy ROASTED LOCAL S/S! Show off your southern pride with the roasted local tee short sleeve – perfect for that outdoor oyster roast! </p>",Seeds 2 Seams,Graphic T-Shirts,,TRUE,Size,XS,Color,AMERICAN NAVY,,,,0,,1,deny,manual,28.00,,,,,https://cdn.shopify.com/s/files/1/0735/3634/0256/files/Withpocket_2.png?v=1696959545,,,,,,,,,,,,,,,,,,,https://cdn.shopify.com/s/files/1/0735/3634/0256/files/Withpocket_2.png?v=1696959545,g,,,active
roasted-local-s-s,,,,,,,Size,S,Color,AMERICAN NAVY,,,,0,,1,deny,manual,28.00,,,,,,,,,,,,,,,,,,,,,,,,https://cdn.shopify.com/s/files/1/0735/3634/0256/files/Withpocket_2.png?v=1696959545,g,,,active
roasted-local-s-s,,,,,,,Size,M,Color,AMERICAN NAVY,,,,0,,1,deny,manual,28.00,,,,,,,,,,,,,,,,,,,,,,,,https://cdn.shopify.com/s/files/1/0735/3634/0256/files/Withpocket_2.png?v=1696959545,g,,,active
roasted-local-s-s,,,,,,,Size,L,Color,AMERICAN NAVY,,,,0,,1,deny,manual,28.00,,,,,,,,,,,,,,,,,,,,,,,,https://cdn.shopify.com/s/files/1/0735/3634/0256/files/Withpocket_2.png?v=1696959545,g,,,active
roasted-local-s-s,,,,,,,Size,XL,Color,AMERICAN NAVY,,,,0,,1,deny,manual,28.00,,,,,,,,,,,,,,,,,,,,,,,,https://cdn.shopify.com/s/files/1/0735/3634/0256/files/Withpocket_2.png?v=1696959545,g,,,active
roasted-local-s-s,,,,,,,Size,2XL,Color,AMERICAN NAVY,,,,0,,1,deny,manual,30.00,,,,,,,,,,,,,,,,,,,,,,,,https://cdn.shopify.com/s/files/1/0735/3634/0256/files/Withpocket_2.png?v=1696959545,g,,,active
roasted-local-s-s,,,,,,,Size,3XL,Color,AMERICAN NAVY,,,,0,,0,deny,manual,30.00,,,,,,,,,,,,,,,,,,,,,,,,https://cdn.shopify.com/s/files/1/0735/3634/0256/files/Withpocket_2.png?v=1696959545,g,,,active
roasted-local-l-s,ROASTED LOCAL L/S,"<p data-mce-fragment=""1"">Stay warm and stylish this season with this lightweight Roasted Local L/S tee! Perfect for layering and crisp fall days, and awesome for attending those cozy oyster roasts. Let's get roasting!</p>",Seeds 2 Seams,Graphic T-Shirts,,TRUE,Size,XS,Color,AMERICAN NAVY,,,,0,,1,deny,manual,34.00,,,,,https://cdn.shopify.com/s/files/1/0735/3634/0256/files/11.png?v=1696959533,,,,,,,,,,,,,,,,,,,https://cdn.shopify.com/s/files/1/0735/3634/0256/files/11.png?v=1696959533,g,,,active
roasted-local-l-s,,,,,,,Size,S,Color,AMERICAN NAVY,,,,0,,1,deny,manual,34.00,,,,,,,,,,,,,,,,,,,,,,,,https://cdn.shopify.com/s/files/1/0735/3634/0256/files/11.png?v=1696959533,g,,,active
roasted-local-l-s,,,,,,,Size,M,Color,AMERICAN NAVY,,,,0,,1,deny,manual,34.00,,,,,,,,,,,,,,,,,,,,,,,,https://cdn.shopify.com/s/files/1/0735/3634/0256/files/11.png?v=1696959533,g,,,active
roasted-local-l-s,,,,,,,Size,L,Color,AMERICAN NAVY,,,,0,,1,deny,manual,34.00,,,,,,,,,,,,,,,,,,,,,,,,https://cdn.shopify.com/s/files/1/0735/3634/0256/files/11.png?v=1696959533,g,,,active
roasted-local-l-s,,,,,,,Size,XL,Color,AMERICAN NAVY,,,,0,,1,deny,manual,34.00,,,,,,,,,,,,,,,,,,,,,,,,https://cdn.shopify.com/s/files/1/0735/3634/0256/files/11.png?v=1696959533,g,,,active
roasted-local-l-s,,,,,,,Size,2XL,Color,AMERICAN NAVY,,,,0,,1,deny,manual,38.00,,,,,,,,,,,,,,,,,,,,,,,,https://cdn.shopify.com/s/files/1/0735/3634/0256/files/11.png?v=1696959533,g,,,active
roasted-local-l-s,,,,,,,Size,3XL,Color,AMERICAN NAVY,,,,0,,0,deny,manual,38.00,,,,,,,,,,,,,,,,,,,,,,,,https://cdn.shopify.com/s/files/1/0735/3634/0256/files/11.png?v=1696959533,g,,,active
shucks-brews-1,SHUCKS & BREWS,"<span data-mce-fragment=""1"">Shuck and Brews: the perfect fall combo! Fresh oysters paired with a cold craft beer--all you need for a cozy night in. Get shuckin', and cheers to a great time!</span>",Seeds 2 Seams,Graphic T-Shirts,Long sleeve,TRUE,Size,XS,Color,American Navy,,,,0,,1,deny,manual,28.00,,,,,https://cdn.shopify.com/s/files/1/0735/3634/0256/files/Withpocket.png?v=1697218962,,,,,,,,,,,,,,,,,,,https://cdn.shopify.com/s/files/1/0735/3634/0256/files/Withpocket.png?v=1697218962,g,,,active
shucks-brews-1,,,,,,,Size,S,Color,American Navy,,,,0,,1,deny,manual,28.00,,,,,,,,,,,,,,,,,,,,,,,,https://cdn.shopify.com/s/files/1/0735/3634/0256/files/Withpocket.png?v=1697218962,g,,,active
shucks-brews-1,,,,,,,Size,M,Color,American Navy,,,,0,,1,deny,manual,28.00,,,,,,,,,,,,,,,,,,,,,,,,https://cdn.shopify.com/s/files/1/0735/3634/0256/files/Withpocket.png?v=1697218962,g,,,active
shucks-brews-1,,,,,,,Size,L,Color,American Navy,,,,0,,1,deny,manual,28.00,,,,,,,,,,,,,,,,,,,,,,,,https://cdn.shopify.com/s/files/1/0735/3634/0256/files/Withpocket.png?v=1697218962,g,,,active
shucks-brews-1,,,,,,,Size,XL,Color,American Navy,,,,0,,1,deny,manual,28.00,,,,,,,,,,,,,,,,,,,,,,,,https://cdn.shopify.com/s/files/1/0735/3634/0256/files/Withpocket.png?v=1697218962,g,,,active
shucks-brews-1,,,,,,,Size,2XL,Color,American Navy,,,,0,,1,deny,manual,30.00,,,,,,,,,,,,,,,,,,,,,,,,https://cdn.shopify.com/s/files/1/0735/3634/0256/files/Withpocket.png?v=1697218962,g,,,active
shucks-brews-1,,,,,,,Size,3XL,Color,American Navy,,,,0,,0,deny,manual,30.00,,,,,,,,,,,,,,,,,,,,,,,,https://cdn.shopify.com/s/files/1/0735/3634/0256/files/Withpocket.png?v=1697218962,g,,,active
shucks-brews,SHUCKS & BREWS,"<p data-mce-fragment=""1"">Shuck and Brews: the perfect fall combo! Fresh oysters paired with a cold craft beer--all you need for a cozy night in. Get shuckin', and cheers to a great time!</p>",Seeds 2 Seams,,,TRUE,Size,XS,Color,AMERICAN NAVY,,,,0,,1,deny,manual,34.00,,,,,https://cdn.shopify.com/s/files/1/0735/3634/0256/files/FALLMOCKUPS-5.png?v=1697111390,,,,,,,,,,,,,,,,,,,https://cdn.shopify.com/s/files/1/0735/3634/0256/files/FALLMOCKUPS-5.png?v=1697111390,g,,,active
shucks-brews,,,,,,,Size,S,Color,AMERICAN NAVY,,,,0,,1,deny,manual,34.00,,,,,,,,,,,,,,,,,,,,,,,,https://cdn.shopify.com/s/files/1/0735/3634/0256/files/FALLMOCKUPS-5.png?v=1697111390,g,,,active
shucks-brews,,,,,,,Size,M,Color,AMERICAN NAVY,,,,0,,1,deny,manual,34.00,,,,,,,,,,,,,,,,,,,,,,,,https://cdn.shopify.com/s/files/1/0735/3634/0256/files/FALLMOCKUPS-5.png?v=1697111390,g,,,active
shucks-brews,,,,,,,Size,L,Color,AMERICAN NAVY,,,,0,,1,deny,manual,34.00,,,,,,,,,,,,,,,,,,,,,,,,https://cdn.shopify.com/s/files/1/0735/3634/0256/files/FALLMOCKUPS-5.png?v=1697111390,g,,,active
shucks-brews,,,,,,,Size,XL,Color,AMERICAN NAVY,,,,0,,1,deny,manual,34.00,,,,,,,,,,,,,,,,,,,,,,,,https://cdn.shopify.com/s/files/1/0735/3634/0256/files/FALLMOCKUPS-5.png?v=1697111390,g,,,active
shucks-brews,,,,,,,Size,2XL,Color,AMERICAN NAVY,,,,0,,1,deny,manual,38.00,,,,,,,,,,,,,,,,,,,,,,,,https://cdn.shopify.com/s/files/1/0735/3634/0256/files/FALLMOCKUPS-5.png?v=1697111390,g,,,active
shucks-brews,,,,,,,Size,3XL,Color,AMERICAN NAVY,,,,0,,0,deny,manual,38.00,,,,,,,,,,,,,,,,,,,,,,,,https://cdn.shopify.com/s/files/1/0735/3634/0256/files/FALLMOCKUPS-5.png?v=1697111390,g,,,active
essential-pocket-tee-bundle,ASSORTED ESSENTIAL POCKET TEE BUNDLE,"<meta charset=""utf-8"">
<p data-mce-fragment=""1"">The best premium, essential tees now bundled AND on sale!! Just choose your size and get three <meta charset=""utf-8""><span data-mce-fragment=""1"">classic colors - Driftwood Grey, Crow Black, and Cotton White - offered in this crewneck style pocket tee. Regularly $22 each, but get all 3 now for only $45!</span></p>
<p data-mce-fragment=""1""><meta charset=""utf-8""><span class=""ContentPasted0"" mce-data-marked=""1"" data-mce-fragment=""1"">The perfect fit made of 5.0 oz, pre-shrunk combed ring-spun cotton</span><span class=""ContentPasted0"" data-mce-fragment=""1"">. The drape of this shirt is engineered to look good on all people. This shirt is made in Georgia with the latest equipment and automated technology. </span></p>",Seeds 2 Seams,Essential Pocket Crew T-Shirts,,TRUE,Size,S,,,,,,680,,1,deny,manual,45.00,66.00,,,,https://cdn.shopify.com/s/files/1/0735/3634/0256/files/Artboard2.png?v=1695424257,,,,,,,,,,,,,,,,,,,,g,,,active
essential-pocket-tee-bundle,,,,,,,Size,M,,,,,,680,,1,deny,manual,45.00,66.00,,,,https://cdn.shopify.com/s/files/1/0735/3634/0256/files/Untitled-6-06.jpg?v=1695424256,,,,,,,,,,,,,,,,,,,,g,,,active
essential-pocket-tee-bundle,,,,,,,Size,L,,,,,,680,,1,deny,manual,45.00,66.00,,,,https://cdn.shopify.com/s/files/1/0735/3634/0256/files/Untitled-6-07.jpg?v=1695424256,,,,,,,,,,,,,,,,,,,,g,,,active
essential-pocket-tee-bundle,,,,,,,Size,XL,,,,,,680,,1,deny,manual,45.00,66.00,,,,https://cdn.shopify.com/s/files/1/0735/3634/0256/files/Untitled-6-09.jpg?v=1695424258,,,,,,,,,,,,,,,,,,,,g,,,active
essential-pocket-tee-bundle,,,,,,,Size,XXL,,,,,,680,,1,deny,manual,45.00,66.00,,,,,,,,,,,,,,,,,,,,,,,,g,,,active
seeds-ii-seams-american-flag,FREEDOM,"<p>The colors of the American flag, nothing says pride more. It is a symbol of freedom, heritage, unity and history. When you see it, you know it stands for something great.</p>
<p>Simply said, It stands for freedom.</p>
<p><meta charset=""utf-8""><meta charset=""utf-8""><span class=""ContentPasted0"" data-mce-fragment=""1"" mce-data-marked=""1"">The perfect fit made of 5.0 oz, pre-shrunk combed ring-spun cotton</span><span class=""ContentPasted0"" data-mce-fragment=""1"">. The drape of this shirt is engineered to look good on all people. This shirt is made in Georgia with the latest equipment and automated technology. </span><br></p>
<main id=""content"" role=""main"">
<div class=""container cf"">
<div id=""shopify-section-template--18616817549600__recommendations"" class=""shopify-section section-product-recommendations"" data-shopify-editor-section='{""id"":""template--18616817549600__recommendations"",""type"":""product-recommendations"",""disabled"":false}'>
<div class=""product-recommendations cc-animate-init"" data-section-id=""template--18616817549600__recommendations"" data-url=""/recommendations/products?section_id=template--18616817549600__recommendations&amp;limit=4&amp;product_id=8318572691744"" data-components=""accordion,modal"" data-cc-animate=""""></div>
</div>
</div>
</main>
<div id=""pagefooter"">
<div id=""shopify-section-cross-page-promos"" class=""shopify-section"" data-shopify-editor-section='{""id"":""cross-page-promos"",""type"":""cross-page-promos"",""disabled"":false}'>
<div class=""cross-page-promos"">
<div class=""container cf"">
<div class=""flexible-layout"">
<div class=""column column--full align-center block-id-1478526632862"" data-shopify-editor-block='{""id"":""1478526632862"",""type"":""icon""}'>
<div class="""">
<div class=""icon-with-caption""></div>
</div>
</div>
</div>
</div>
</div>
</div>
</div>",Seeds To Seams,Graphic T-Shirts,"American Flag, Distressed Flag, USA",TRUE,Size,S,Color,Cotton White,,,SS2010WTPS,0,,1,deny,manual,28.00,,,,,https://cdn.shopify.com/s/files/1/0735/3634/0256/files/image_55d11547-ca34-41a1-aaa1-1f8d9ec44cef.jpg?v=1689268588,,,,,,,,,,,,,,,,,,,https://cdn.shopify.com/s/files/1/0735/3634/0256/files/image_55d11547-ca34-41a1-aaa1-1f8d9ec44cef.jpg?v=1689268588,g,,,active
seeds-ii-seams-american-flag,,,,,,,Size,M,Color,Cotton White,,,SS2010WTPM,0,,1,deny,manual,28.00,,,,,https://cdn.shopify.com/s/files/1/0735/3634/0256/files/image_dd634660-fcfb-4148-9f86-76d45d0a5227.jpg?v=1689268588,,,,,,,,,,,,,,,,,,,https://cdn.shopify.com/s/files/1/0735/3634/0256/files/image_55d11547-ca34-41a1-aaa1-1f8d9ec44cef.jpg?v=1689268588,g,,,active
seeds-ii-seams-american-flag,,,,,,,Size,L,Color,Cotton White,,,SS2010WTPL,0,,1,deny,manual,28.00,,,,,,,,,,,,,,,,,,,,,,,,https://cdn.shopify.com/s/files/1/0735/3634/0256/files/image_55d11547-ca34-41a1-aaa1-1f8d9ec44cef.jpg?v=1689268588,g,,,active
seeds-ii-seams-american-flag,,,,,,,Size,XL,Color,Cotton White,,,SS2010WTPXL,0,,1,deny,manual,28.00,,,,,,,,,,,,,,,,,,,,,,,,https://cdn.shopify.com/s/files/1/0735/3634/0256/files/image_55d11547-ca34-41a1-aaa1-1f8d9ec44cef.jpg?v=1689268588,g,,,active
seeds-ii-seams-american-flag,,,,,,,Size,XXL,Color,Cotton White,,,SS2010WTP2XL,0,,1,deny,manual,22.80,,,,,,,,,,,,,,,,,,,,,,,,https://cdn.shopify.com/s/files/1/0735/3634/0256/files/image_55d11547-ca34-41a1-aaa1-1f8d9ec44cef.jpg?v=1689268588,g,,,active
heritage-fields,HERITAGE FIELDS,"<p>Grown from the world's best seeds and crafted by the most skilled hands for your enjoyment. Our Heritage tee celebrates farmers who are the very backbone of our great nation.<br></p>
<p><meta charset=""utf-8""><meta charset=""utf-8""><span class=""ContentPasted0"" data-mce-fragment=""1"" mce-data-marked=""1"">The perfect fit made of 5.0 oz, pre-shrunk combed ring-spun cotton</span><span class=""ContentPasted0"" data-mce-fragment=""1"">. The drape of this shirt is engineered to look good on all people. This shirt is made in Georgia with the latest equipment and automated technology. </span><br></p>",Seeds To Seams,Graphic T-Shirts,"Crop Local, Field, Heritage, Tractor",TRUE,Size,S,Color,Driftwood Grey,,,SS2003GRS,0,,1,deny,manual,28.00,,,,,https://cdn.shopify.com/s/files/1/0735/3634/0256/files/image_20301a11-b866-4242-8961-6bbbe7f40bb3.jpg?v=1689268737,,,,,,,,,,,,,,,,,,,https://cdn.shopify.com/s/files/1/0735/3634/0256/files/image_20301a11-b866-4242-8961-6bbbe7f40bb3.jpg?v=1689268737,g,,,active
heritage-fields,,,,,,,Size,M,Color,Driftwood Grey,,,SS2003GRM,0,,1,deny,manual,28.00,,,,,https://cdn.shopify.com/s/files/1/0735/3634/0256/files/GREYLC.png?v=1689268739,,,,,,,,,,,,,,,,,,,https://cdn.shopify.com/s/files/1/0735/3634/0256/files/image_20301a11-b866-4242-8961-6bbbe7f40bb3.jpg?v=1689268737,g,,,active
heritage-fields,,,,,,,Size,L,Color,Driftwood Grey,,,SS2003GRL,0,,1,deny,manual,28.00,,,,,,,,,,,,,,,,,,,,,,,,https://cdn.shopify.com/s/files/1/0735/3634/0256/files/image_20301a11-b866-4242-8961-6bbbe7f40bb3.jpg?v=1689268737,g,,,active
heritage-fields,,,,,,,Size,XL,Color,Driftwood Grey,,,SS2003GRXL,0,,1,deny,manual,28.00,,,,,,,,,,,,,,,,,,,,,,,,https://cdn.shopify.com/s/files/1/0735/3634/0256/files/image_20301a11-b866-4242-8961-6bbbe7f40bb3.jpg?v=1689268737,g,,,active
heritage-fields,,,,,,,Size,XXL,Color,Driftwood Grey,,,SS2003GR2XL,0,,1,deny,manual,30.00,,,,,,,,,,,,,,,,,,,,,,,,https://cdn.shopify.com/s/files/1/0735/3634/0256/files/image_20301a11-b866-4242-8961-6bbbe7f40bb3.jpg?v=1689268737,g,,,active
raised-on-loyalty-short-sleeve,RAISED ON LOYALTY,"<p><meta charset=""utf-8""><span>The very definition of loyalty is seen in the tail wags of our best 4-legged best friends. Whether it's field dogs, beach dogs or the All American mutt, we salute them.</span></p>
<p><meta charset=""utf-8""><span class=""ContentPasted0"" data-mce-fragment=""1""><meta charset=""utf-8"">The perfect fit made of 5.0 oz, pre-shrunk combed ring-spun cotton. The drape of this shirt is engineered to look good on all people. This shirt is made in Georgia with the latest equipment and automated technology. </span><br></p>",Seeds To Seams,Graphic T-Shirts,,TRUE,Size,S,Color,American Navy,,,SS2002NVS,0,,1,deny,manual,28.00,,,,,https://cdn.shopify.com/s/files/1/0735/3634/0256/files/0072C5CD-466A-45B0-AA8B-1FD67812F4412.jpg?v=1694611196,,,,,,,,,,,,,,,,,,,https://cdn.shopify.com/s/files/1/0735/3634/0256/files/0072C5CD-466A-45B0-AA8B-1FD67812F4412.jpg?v=1694611196,g,,,active
raised-on-loyalty-short-sleeve,,,,,,,Size,M,Color,American Navy,,,SS2002NVM,0,,1,deny,manual,28.00,,,,,https://cdn.shopify.com/s/files/1/0735/3634/0256/files/NAVYLCFRONT.png?v=1694611196,,,,,,,,,,,,,,,,,,,https://cdn.shopify.com/s/files/1/0735/3634/0256/files/0072C5CD-466A-45B0-AA8B-1FD67812F4412.jpg?v=1694611196,g,,,active
raised-on-loyalty-short-sleeve,,,,,,,Size,L,Color,American Navy,,,SS2002NVL,0,,1,deny,manual,28.00,,,,,,,,,,,,,,,,,,,,,,,,https://cdn.shopify.com/s/files/1/0735/3634/0256/files/0072C5CD-466A-45B0-AA8B-1FD67812F4412.jpg?v=1694611196,g,,,active
raised-on-loyalty-short-sleeve,,,,,,,Size,XL,Color,American Navy,,,SS2002NVXL,0,,1,deny,manual,28.00,,,,,,,,,,,,,,,,,,,,,,,,https://cdn.shopify.com/s/files/1/0735/3634/0256/files/0072C5CD-466A-45B0-AA8B-1FD67812F4412.jpg?v=1694611196,g,,,active
raised-on-loyalty-short-sleeve,,,,,,,Size,XXL,Color,American Navy,,,SS2002NV2XL,0,,1,deny,manual,28.00,,,,,,,,,,,,,,,,,,,,,,,,https://cdn.shopify.com/s/files/1/0735/3634/0256/files/0072C5CD-466A-45B0-AA8B-1FD67812F4412.jpg?v=1694611196,g,,,active
seeds-2-seams-logo-shirt,SEEDS 2 SEAMS LOGO TEE,"<p data-mce-fragment=""1"">Show off your love for Seeds 2 Seams with our logo pocket tee! And as we always say... Thank you for supporting USA made!</p>
<br>",Seeds 2 Seams,,,TRUE,Size,S,Color,Navy,,,,136,,1,deny,manual,24.00,,,,,https://cdn.shopify.com/s/files/1/0735/3634/0256/files/IMG_5695.jpg?v=1698507001,,,,,,,,,,,,,,,,,,,https://cdn.shopify.com/s/files/1/0735/3634/0256/files/IMG_5695.jpg?v=1698507001,g,,,active
seeds-2-seams-logo-shirt,,,,,,,Size,S,Color,Garnet,,,,136,,1,deny,manual,24.00,,,,,https://cdn.shopify.com/s/files/1/0735/3634/0256/files/Artboard2.jpg?v=1698507885,,,,,,,,,,,,,,,,,,,https://cdn.shopify.com/s/files/1/0735/3634/0256/files/Artboard2.jpg?v=1698507885,g,,,active
seeds-2-seams-logo-shirt,,,,,,,Size,S,Color,Pink,,,SS2019WT/PS,136,,1,deny,manual,24.00,,,,,https://cdn.shopify.com/s/files/1/0735/3634/0256/files/Artboard1.jpg?v=1698507887,,,,,,,,,,,,,,,,,,,https://cdn.shopify.com/s/files/1/0735/3634/0256/files/8B70D1FB-E6F7-4D56-96F1-AC92F8A4D64A_1_201_a-2.jpg?v=1698507887,g,,,active
Shopify Spy extracts only 100 products on a free plan.,,,,,,,,,,,,,,,,,,,,,,,,,,,,,,,,,,,,,,,,,,,,,,,
